-- MySQL dump 10.13  Distrib 8.0.27, for Win64 (x86_64)
--
-- Host: 127.0.0.1    Database: electronic_rental_system
-- ------------------------------------------------------
-- Server version	8.0.27

/*!40101 SET @OLD_CHARACTER_SET_CLIENT=@@CHARACTER_SET_CLIENT */;
/*!40101 SET @OLD_CHARACTER_SET_RESULTS=@@CHARACTER_SET_RESULTS */;
/*!40101 SET @OLD_COLLATION_CONNECTION=@@COLLATION_CONNECTION */;
/*!50503 SET NAMES utf8 */;
/*!40103 SET @OLD_TIME_ZONE=@@TIME_ZONE */;
/*!40103 SET TIME_ZONE='+00:00' */;
/*!40014 SET @OLD_UNIQUE_CHECKS=@@UNIQUE_CHECKS, UNIQUE_CHECKS=0 */;
/*!40014 SET @OLD_FOREIGN_KEY_CHECKS=@@FOREIGN_KEY_CHECKS, FOREIGN_KEY_CHECKS=0 */;
/*!40101 SET @OLD_SQL_MODE=@@SQL_MODE, SQL_MODE='NO_AUTO_VALUE_ON_ZERO' */;
/*!40111 SET @OLD_SQL_NOTES=@@SQL_NOTES, SQL_NOTES=0 */;

--
-- Table structure for table `orders`
--

DROP TABLE IF EXISTS `orders`;
/*!40101 SET @saved_cs_client     = @@character_set_client */;
/*!50503 SET character_set_client = utf8mb4 */;
CREATE TABLE `orders` (
  `orderId` int NOT NULL AUTO_INCREMENT,
  `productId` int NOT NULL,
  `userId` int NOT NULL,
  `startDate` varchar(45) NOT NULL,
  `endDate` varchar(45) NOT NULL,
  `quantity` int NOT NULL,
  PRIMARY KEY (`orderId`),
  KEY `productId_idx` (`productId`),
  KEY `userId_idx` (`userId`),
  CONSTRAINT `productId` FOREIGN KEY (`productId`) REFERENCES `products` (`productId`) ON DELETE CASCADE ON UPDATE CASCADE,
  CONSTRAINT `userId` FOREIGN KEY (`userId`) REFERENCES `user` (`userId`) ON DELETE CASCADE ON UPDATE CASCADE
) ENGINE=InnoDB AUTO_INCREMENT=111 DEFAULT CHARSET=utf8mb4 COLLATE=utf8mb4_0900_ai_ci;
/*!40101 SET character_set_client = @saved_cs_client */;

--
-- Dumping data for table `orders`
--

LOCK TABLES `orders` WRITE;
/*!40000 ALTER TABLE `orders` DISABLE KEYS */;
INSERT INTO `orders` VALUES (1,58,40,'2/23/2016','6/11/2018',9),(2,84,41,'12/15/2021','6/10/2018',15),(3,77,84,'9/15/2015','3/18/2018',5),(4,73,64,'4/24/2014','1/9/2021',40),(5,74,89,'11/19/2015','2/15/2019',8),(6,61,62,'6/2/2017','3/14/2020',7),(7,39,67,'11/3/2016','4/7/2021',3),(8,84,10,'8/1/2016','12/15/2021',8),(9,86,4,'4/29/2017','8/29/2020',3),(10,3,50,'6/26/2018','1/19/2018',1),(11,28,78,'8/29/2016','8/14/2021',3),(12,50,81,'7/29/2016','7/27/2018',2),(13,61,7,'7/23/2020','1/11/2022',4),(14,84,76,'1/22/2019','5/8/2021',1),(15,77,1,'12/19/2019','12/10/2019',4),(16,12,17,'2/14/2016','9/19/2022',4),(17,15,97,'7/5/2018','9/10/2021',5),(18,61,30,'7/21/2020','6/7/2021',5),(19,42,64,'9/23/2017','3/25/2022',8),(20,35,85,'3/9/2020','3/29/2022',5),(21,67,56,'10/3/2021','8/8/2020',6),(22,66,55,'5/24/2021','1/31/2020',3),(23,80,94,'9/15/2021','11/6/2019',6),(24,91,97,'4/4/2021','1/23/2019',3),(25,71,19,'10/18/2015','7/3/2021',5),(26,44,75,'3/22/2014','5/26/2020',9),(27,5,63,'8/20/2021','8/12/2021',9),(28,55,24,'3/6/2020','3/26/2018',1),(29,43,53,'3/26/2015','3/19/2020',7),(30,74,15,'9/23/2018','4/13/2018',3),(31,54,21,'4/19/2020','8/27/2019',4),(32,98,21,'5/17/2017','3/31/2018',7),(33,83,50,'1/12/2019','4/19/2022',6),(34,14,98,'7/21/2021','11/18/2018',25),(35,40,16,'2/6/2017','10/15/2022',2),(36,86,37,'4/23/2016','5/7/2020',8),(37,34,8,'6/16/2017','9/17/2022',5),(38,85,10,'10/4/2017','2/28/2018',6),(39,93,12,'7/29/2018','10/15/2022',5),(40,52,82,'7/13/2016','6/15/2019',5),(41,33,52,'7/5/2015','4/10/2020',2),(42,67,15,'6/29/2016','1/28/2021',5),(43,32,58,'3/11/2019','5/30/2020',7),(44,40,79,'6/20/2014','1/5/2022',9),(45,36,15,'5/27/2015','6/2/2020',5),(46,84,20,'11/11/2018','11/6/2021',12),(47,92,74,'2/22/2018','12/27/2020',5),(48,34,23,'1/15/2018','5/30/2020',9),(49,93,94,'10/31/2020','8/2/2018',7),(50,41,22,'6/11/2017','5/27/2020',2),(51,37,86,'1/26/2017','6/6/2020',30),(52,93,81,'7/20/2018','10/9/2021',7),(53,57,81,'4/26/2016','4/6/2020',21),(54,71,58,'12/2/2021','12/14/2020',1),(55,48,29,'12/5/2018','3/22/2022',5),(56,61,30,'7/17/2018','6/25/2021',6),(57,96,11,'11/30/2021','8/29/2018',1),(58,53,34,'1/6/2022','2/13/2020',9),(59,22,96,'8/1/2019','5/27/2020',5),(60,85,32,'1/29/2018','4/21/2021',4),(61,53,76,'11/18/2015','11/14/2019',7),(62,98,88,'3/19/2014','10/26/2018',6),(63,4,48,'6/17/2019','12/25/2021',8),(64,78,43,'7/3/2021','10/31/2020',6),(65,19,33,'12/31/2018','5/26/2019',7),(66,89,72,'1/17/2020','3/31/2020',3),(67,15,10,'9/29/2018','7/30/2022',5),(68,41,29,'10/21/2016','10/16/2020',1),(69,10,54,'9/24/2015','2/26/2021',1),(70,91,19,'3/22/2018','3/29/2018',3),(71,37,32,'9/22/2017','10/30/2020',2),(72,8,1,'6/1/2014','11/25/2022',4),(73,39,38,'4/26/2015','6/12/2022',5),(74,79,18,'3/8/2021','5/15/2020',4),(75,76,12,'3/19/2018','11/29/2022',2),(76,92,92,'9/8/2014','7/3/2019',5),(77,52,21,'12/18/2020','9/22/2020',4),(78,95,62,'5/29/2014','10/9/2021',6),(79,67,26,'10/2/2021','5/18/2020',5),(80,22,59,'7/24/2016','6/22/2020',5),(81,51,97,'9/23/2017','2/11/2020',4),(82,92,53,'11/29/2018','7/26/2019',5),(83,40,40,'9/5/2017','10/17/2020',2),(84,13,74,'12/12/2021','5/15/2018',1),(85,84,67,'4/16/2020','6/24/2018',8),(86,6,57,'7/9/2014','1/21/2021',80),(87,79,41,'12/16/2020','7/26/2020',6),(88,38,56,'4/30/2020','12/2/2021',3),(89,24,68,'5/21/2017','9/23/2020',1),(90,84,87,'1/23/2017','10/8/2019',2),(91,44,20,'1/17/2018','7/23/2020',3),(92,47,17,'7/6/2015','7/6/2021',4),(93,30,71,'4/30/2021','12/20/2019',8),(94,5,25,'10/27/2015','1/23/2022',3),(95,57,41,'10/8/2015','7/24/2019',1),(96,99,90,'5/6/2020','9/21/2021',1),(97,67,12,'7/5/2021','2/5/2019',5),(98,7,14,'2/8/2018','11/26/2019',8),(99,95,26,'8/8/2016','3/29/2021',5),(100,47,73,'11/3/2014','11/19/2021',9),(101,1,3,'2022-02-02','2022-02-02',20),(102,3,3,'2022-02-02','2022-02-02',20),(103,6,3,'2022-02-02','2022-04-02',22),(104,4,3,'2022-02-02','2022-04-02',26),(105,9,3,'2022-02-02','2022-04-02',20),(106,1,3,'2022-02-11','2022-04-11',20),(107,2,3,'2022-02-11','2022-05-11',20),(108,17,7,'2022-02-15','2022-02-15',5),(109,3,7,'2022-02-15','2022-02-15',20),(110,3,7,'2022-02-15','2018-02-15',10);
/*!40000 ALTER TABLE `orders` ENABLE KEYS */;
UNLOCK TABLES;

--
-- Table structure for table `products`
--

DROP TABLE IF EXISTS `products`;
/*!40101 SET @saved_cs_client     = @@character_set_client */;
/*!50503 SET character_set_client = utf8mb4 */;
CREATE TABLE `products` (
  `productId` int NOT NULL AUTO_INCREMENT,
  `productName` varchar(100) NOT NULL,
  `productMake` varchar(45) NOT NULL,
  `productSpecification` varchar(1000) NOT NULL,
  `productPrice` double NOT NULL,
  `availability` int NOT NULL,
  `status` int NOT NULL,
  `productImage` varchar(40) DEFAULT NULL,
  PRIMARY KEY (`productId`)
) ENGINE=InnoDB AUTO_INCREMENT=132 DEFAULT CHARSET=utf8mb4 COLLATE=utf8mb4_0900_ai_ci;
/*!40101 SET character_set_client = @saved_cs_client */;

--
-- Dumping data for table `products`
--

LOCK TABLES `products` WRITE;
/*!40000 ALTER TABLE `products` DISABLE KEYS */;
INSERT INTO `products` VALUES (1,'Laptop','Samsung','Windows 11 Home, Single Language English\r\n(Windows 11 Pro for business | FREE Upgrade to Windows 11*)\r\nvideocard\r\nNVIDIA® GeForce® MX450 with 2GB GDDR5 graphics memory\r\nmemory\r\n8GB, 1x8GB, DDR4, 3200MHz\r\nharddrive\r\n512GB M.2 PCIe NVMe Solid State Drive\r\ncolor\r\nPlatinum Silver\r\n₹ 71,989.99 ',250,160,1,'4.jpg'),(2,'Laptop','Dell','Windows 11 Home, Single Language English\n(Windows 11 Pro for business | FREE Upgrade to Windows 11*)\nvideocard\nNVIDIA® GeForce® MX450 with 2GB GDDR5 graphics memory\nmemory\n8GB, 1x8GB, DDR4, 3200MHz\nharddrive\n512GB M.2 PCIe NVMe Solid State Drive\ncolor\nPlatinum Silver\n₹ 71,989.99 ',500,103,0,'11.jpg'),(3,'Laptop','Apple','Windows 11 Home, Single Language English\r\n(Windows 11 Pro for business | FREE Upgrade to Windows 11*)\r\nvideocard\r\nNVIDIA® GeForce® MX450 with 2GB GDDR5 graphics memory\r\nmemory\r\n8GB, 1x8GB, DDR4, 3200MHz\r\nharddrive\r\n512GB M.2 PCIe NVMe Solid State Drive\r\ncolor\r\nPlatinum Silver\r\n₹ 71,989.99 ',450,110,1,'12.jpg'),(4,'Laptop','HP','Windows 11 Home, Single Language English\n(Windows 11 Pro for business | FREE Upgrade to Windows 11*)\nvideocard\nNVIDIA® GeForce® MX450 with 2GB GDDR5 graphics memory\nmemory\n8GB, 1x8GB, DDR4, 3200MHz\nharddrive\n512GB M.2 PCIe NVMe Solid State Drive\ncolor\nPlatinum Silver\n₹ 71,989.99 ',197,170,1,'4.jpg'),(5,'Laptop','Avita','Windows 11 Home, Single Language English\n(Windows 11 Pro for business | FREE Upgrade to Windows 11*)\nvideocard\nNVIDIA® GeForce® MX450 with 2GB GDDR5 graphics memory\nmemory\n8GB, 1x8GB, DDR4, 3200MHz\nharddrive\n512GB M.2 PCIe NVMe Solid State Drive\ncolor\nPlatinum Silver\n₹ 71,989.99 ',851.49,132,1,'12.jpg'),(6,'Laptop','Lenovo','Windows 11 Home, Single Language English\n(Windows 11 Pro for business | FREE Upgrade to Windows 11*)\nvideocard\nNVIDIA® GeForce® MX450 with 2GB GDDR5 graphics memory\nmemory\n8GB, 1x8GB, DDR4, 3200MHz\nharddrive\n512GB M.2 PCIe NVMe Solid State Drive\ncolor\nPlatinum Silver\n₹ 71,989.99 ',207.95,50,1,'14.jpg'),(7,'Laptop','Dell','Windows 11 Home, Single Language English\r\n(Windows 11 Pro for business | FREE Upgrade to Windows 11*)\r\nvideocard\r\nNVIDIA® GeForce® MX450 with 2GB GDDR5 graphics memory\r\nmemory\r\n8GB, 1x8GB, DDR4, 3200MHz\r\nharddrive\r\n512GB M.2 PCIe NVMe Solid State Drive\r\ncolor\r\nPlatinum Silver\r\n₹ 71,989.99 ',570.25,120,1,'7.jpg'),(8,'Desktop','Xiaomi','Windows 11 Home, Single Language English\n(Windows 11 Pro for business | FREE Upgrade to Windows 11*)\nvideocard\nNVIDIA® GeForce® MX450 with 2GB GDDR5 graphics memory\nmemory\n8GB, 1x8GB, DDR4, 3200MHz\nharddrive\n512GB M.2 PCIe NVMe Solid State Drive\ncolor\nPlatinum Silver\n₹ 71,989.99 ',918.65,81,0,'10.jpg'),(9,'Desktop','Lenovo','Windows 11 Home, Single Language English\n(Windows 11 Pro for business | FREE Upgrade to Windows 11*)\nvideocard\nNVIDIA® GeForce® MX450 with 2GB GDDR5 graphics memory\nmemory\n8GB, 1x8GB, DDR4, 3200MHz\nharddrive\n512GB M.2 PCIe NVMe Solid State Drive\ncolor\nPlatinum Silver\n₹ 71,989.99 ',113.2,80,1,'15.jpg'),(10,'Desktop','LG','Windows 11 Home, Single Language English\n(Windows 11 Pro for business | FREE Upgrade to Windows 11*)\nvideocard\nNVIDIA® GeForce® MX450 with 2GB GDDR5 graphics memory\nmemory\n8GB, 1x8GB, DDR4, 3200MHz\nharddrive\n512GB M.2 PCIe NVMe Solid State Drive\ncolor\nPlatinum Silver\n₹ 71,989.99 ',690.45,180,1,'16.jpg'),(11,'Laptop','HP','Slim Laptop | 15.6 Full HD Display | 11th Gen Intel Core i3-1115G4 Processor | 4GB DDR4 | 128GB NVMe SSD | WiFi 6 | Amazon Alexa | Windows 10 Home (S mode)\n₹ 65,421.21 ',420.16,35,0,'11.jpg'),(12,'Desktop','Samsung','Slim Laptop | 15.6 Full HD Display | 11th Gen Intel Core i3-1115G4 Processor | 4GB DDR4 | 128GB NVMe SSD | WiFi 6 | Amazon Alexa | Windows 10 Home (S mode)\n₹ 65,421.21 ',548.6,164,1,'19.jpg'),(13,'Desktop','Microsoft','Slim Laptop | 15.6 Full HD Display | 11th Gen Intel Core i3-1115G4 Processor | 4GB DDR4 | 128GB NVMe SSD | WiFi 6 | Amazon Alexa | Windows 10 Home (S mode)\n₹ 65,421.21 ',333.21,95,1,'9.jpg'),(14,'Desktop','Lenovo','Slim Laptop | 15.6 Full HD Display | 11th Gen Intel Core i3-1115G4 Processor | 4GB DDR4 | 128GB NVMe SSD | WiFi 6 | Amazon Alexa | Windows 10 Home (S mode)\n₹ 65,421.21 ',461.17,59,1,'15.jpg'),(15,'Laptop','Samsung','Slim Laptop | 15.6 Full HD Display | 11th Gen Intel Core i3-1115G4 Processor | 4GB DDR4 | 128GB NVMe SSD | WiFi 6 | Amazon Alexa | Windows 10 Home (S mode)\n₹ 65,421.21 ',370.5,74,1,'12.jpg'),(16,'Laptop','HP','Slim Laptop | 15.6 Full HD Display | 11th Gen Intel Core i3-1115G4 Processor | 4GB DDR4 | 128GB NVMe SSD | WiFi 6 | Amazon Alexa | Windows 10 Home (S mode)\n₹ 65,421.21 ',320.57,56,1,'13.jpg'),(17,'Tablet','Dell','Slim Laptop | 15.6 Full HD Display | 11th Gen Intel Core i3-1115G4 Processor | 4GB DDR4 | 128GB NVMe SSD | WiFi 6 | Amazon Alexa | Windows 10 Home (S mode)\n₹ 65,421.21 ',808.28,70,1,'2.jpg'),(18,'Tablet','LG','Slim Laptop | 15.6 Full HD Display | 11th Gen Intel Core i3-1115G4 Processor | 4GB DDR4 | 128GB NVMe SSD | WiFi 6 | Amazon Alexa | Windows 10 Home (S mode)\n₹ 65,421.21 ',274.53,195,1,'3.jpg'),(19,'Tablet','Lenovo','Slim Laptop | 15.6 Full HD Display | 11th Gen Intel Core i3-1115G4 Processor | 4GB DDR4 | 128GB NVMe SSD | WiFi 6 | Amazon Alexa | Windows 10 Home (S mode)\n₹ 65,421.21 ',411.65,44,1,'5.jpg'),(20,'Desktop','Asus','Slim Laptop | 15.6 Full HD Display | 11th Gen Intel Core i3-1115G4 Processor | 4GB DDR4 | 128GB NVMe SSD | WiFi 6 | Amazon Alexa | Windows 10 Home (S mode)\n₹ 65,421.21 ',563.56,43,1,'10.jpg'),(21,'Desktop','MSI','Chromebook S330 Laptop, 14-Inch FHD (1920 x 1080) Display, MediaTek MT8173C Processor, 4GB LPDDR3, 64GB eMMC, Chrome OS, 81JW0000US, Business Black\n₹ 45,421.21 ',978.94,180,1,'15.jpg'),(22,'Tablet','Xiaomi','Chromebook S330 Laptop, 14-Inch FHD (1920 x 1080) Display, MediaTek MT8173C Processor, 4GB LPDDR3, 64GB eMMC, Chrome OS, 81JW0000US, Business Black\n₹ 45,421.21 ',511.41,155,1,'8.jpg'),(23,'Desktop','Apple','Chromebook S330 Laptop, 14-Inch FHD (1920 x 1080) Display, MediaTek MT8173C Processor, 4GB LPDDR3, 64GB eMMC, Chrome OS, 81JW0000US, Business Black\n₹ 45,421.21 ',530.87,183,1,'9.jpg'),(24,'Laptop','Asus','Chromebook S330 Laptop, 14-Inch FHD (1920 x 1080) Display, MediaTek MT8173C Processor, 4GB LPDDR3, 64GB eMMC, Chrome OS, 81JW0000US, Business Black\n₹ 45,421.21 ',614.05,65,1,'14.jpg'),(25,'Tablet','Samsung','Chromebook S330 Laptop, 14-Inch FHD (1920 x 1080) Display, MediaTek MT8173C Processor, 4GB LPDDR3, 64GB eMMC, Chrome OS, 81JW0000US, Business Black\n₹ 45,421.21 ',228.83,102,1,'6.jpg'),(26,'Laptop','HP','Chromebook S330 Laptop, 14-Inch FHD (1920 x 1080) Display, MediaTek MT8173C Processor, 4GB LPDDR3, 64GB eMMC, Chrome OS, 81JW0000US, Business Black\n₹ 45,421.21 ',508.65,137,1,'1.jpg'),(27,'Desktop','MSI','Chromebook S330 Laptop, 14-Inch FHD (1920 x 1080) Display, MediaTek MT8173C Processor, 4GB LPDDR3, 64GB eMMC, Chrome OS, 81JW0000US, Business Black\n₹ 45,421.21 ',360.66,104,0,'10.jpg'),(28,'Desktop','Apple','Chromebook S330 Laptop, 14-Inch FHD (1920 x 1080) Display, MediaTek MT8173C Processor, 4GB LPDDR3, 64GB eMMC, Chrome OS, 81JW0000US, Business Black\n₹ 45,421.21 ',161.1,144,1,'16.jpg'),(29,'Tablet','Dell','Chromebook S330 Laptop, 14-Inch FHD (1920 x 1080) Display, MediaTek MT8173C Processor, 4GB LPDDR3, 64GB eMMC, Chrome OS, 81JW0000US, Business Black\n₹ 45,421.21 ',660.22,22,1,'5.jpg'),(30,'Laptop','Avita','Chromebook S330 Laptop, 14-Inch FHD (1920 x 1080) Display, MediaTek MT8173C Processor, 4GB LPDDR3, 64GB eMMC, Chrome OS, 81JW0000US, Business Black\n₹ 45,421.21 ',744.23,188,1,'7.jpg'),(31,'Desktop','Xiaomi','Chromebook x360 14a 2-in-1 Laptop, Intel Pentium Silver N5030, 4 GB RAM, 64 GB eMMC, 14” HD Micro-Edge Touchscreen, Chrome OS, 720p Webcam, Dual Speakers, Long Battery Life (14a-ca0023nr, 2021)\n₹ 85,421.21 ',572.51,192,0,'18.jpg'),(32,'Laptop','Xiaomi','Chromebook x360 14a 2-in-1 Laptop, Intel Pentium Silver N5030, 4 GB RAM, 64 GB eMMC, 14” HD Micro-Edge Touchscreen, Chrome OS, 720p Webcam, Dual Speakers, Long Battery Life (14a-ca0023nr, 2021)\n₹ 85,421.21 ',503.46,150,1,'11.jpg'),(33,'Laptop','Asus','Chromebook x360 14a 2-in-1 Laptop, Intel Pentium Silver N5030, 4 GB RAM, 64 GB eMMC, 14” HD Micro-Edge Touchscreen, Chrome OS, 720p Webcam, Dual Speakers, Long Battery Life (14a-ca0023nr, 2021)\n₹ 85,421.21 ',475.36,52,1,'12.jpg'),(34,'Laptop','Microsoft','Chromebook x360 14a 2-in-1 Laptop, Intel Pentium Silver N5030, 4 GB RAM, 64 GB eMMC, 14” HD Micro-Edge Touchscreen, Chrome OS, 720p Webcam, Dual Speakers, Long Battery Life (14a-ca0023nr, 2021)\n₹ 85,421.21 ',954.02,113,1,'13.jpg'),(35,'Laptop','Microsoft','Chromebook x360 14a 2-in-1 Laptop, Intel Pentium Silver N5030, 4 GB RAM, 64 GB eMMC, 14” HD Micro-Edge Touchscreen, Chrome OS, 720p Webcam, Dual Speakers, Long Battery Life (14a-ca0023nr, 2021)\n₹ 85,421.21 ',281.23,151,1,'14.jpg'),(36,'Tablet','Asus','Chromebook x360 14a 2-in-1 Laptop, Intel Pentium Silver N5030, 4 GB RAM, 64 GB eMMC, 14” HD Micro-Edge Touchscreen, Chrome OS, 720p Webcam, Dual Speakers, Long Battery Life (14a-ca0023nr, 2021)\n₹ 85,421.21 ',530.27,54,1,'2.jpg'),(37,'Laptop','Samsung','Chromebook x360 14a 2-in-1 Laptop, Intel Pentium Silver N5030, 4 GB RAM, 64 GB eMMC, 14” HD Micro-Edge Touchscreen, Chrome OS, 720p Webcam, Dual Speakers, Long Battery Life (14a-ca0023nr, 2021)\n₹ 85,421.21 ',464.59,124,1,'1.jpg'),(38,'Desktop','HP','Chromebook x360 14a 2-in-1 Laptop, Intel Pentium Silver N5030, 4 GB RAM, 64 GB eMMC, 14” HD Micro-Edge Touchscreen, Chrome OS, 720p Webcam, Dual Speakers, Long Battery Life (14a-ca0023nr, 2021)\n₹ 85,421.21 ',690.29,121,1,'17.jpg'),(39,'Laptop','Dell','Chromebook x360 14a 2-in-1 Laptop, Intel Pentium Silver N5030, 4 GB RAM, 64 GB eMMC, 14” HD Micro-Edge Touchscreen, Chrome OS, 720p Webcam, Dual Speakers, Long Battery Life (14a-ca0023nr, 2021)\n₹ 85,421.21 ',805.71,92,1,'11.jpg'),(40,'Laptop','Xiaomi','Chromebook x360 14a 2-in-1 Laptop, Intel Pentium Silver N5030, 4 GB RAM, 64 GB eMMC, 14” HD Micro-Edge Touchscreen, Chrome OS, 720p Webcam, Dual Speakers, Long Battery Life (14a-ca0023nr, 2021)\n₹ 85,421.21 ',856.51,199,1,'12.jpg'),(41,'Desktop','Xiaomi','VivoBook F512 Thin and Lightweight Laptop, 15.6” FHD WideView NanoEdge , AMD R5-3500U CPU, 8GB RAM, 256GB SSD, Backlit KB, Fingerprint Reader, Windows 10, Peacock Blue, F512DA-EB51\n₹ 85,421.21 ',661.85,122,1,'17.jpg'),(42,'Desktop','LG','VivoBook F512 Thin and Lightweight Laptop, 15.6” FHD WideView NanoEdge , AMD R5-3500U CPU, 8GB RAM, 256GB SSD, Backlit KB, Fingerprint Reader, Windows 10, Peacock Blue, F512DA-EB51\n₹ 85,421.21 ',329.72,26,1,'19.jpg'),(43,'Laptop','Avita','VivoBook F512 Thin and Lightweight Laptop, 15.6” FHD WideView NanoEdge , AMD R5-3500U CPU, 8GB RAM, 256GB SSD, Backlit KB, Fingerprint Reader, Windows 10, Peacock Blue, F512DA-EB51\n₹ 85,421.21 ',132.67,165,1,'13.jpg'),(44,'Tablet','HP','VivoBook F512 Thin and Lightweight Laptop, 15.6” FHD WideView NanoEdge , AMD R5-3500U CPU, 8GB RAM, 256GB SSD, Backlit KB, Fingerprint Reader, Windows 10, Peacock Blue, F512DA-EB51\n₹ 85,421.21 ',899.43,184,1,'3.jpg'),(45,'Desktop','Lenovo','VivoBook F512 Thin and Lightweight Laptop, 15.6” FHD WideView NanoEdge , AMD R5-3500U CPU, 8GB RAM, 256GB SSD, Backlit KB, Fingerprint Reader, Windows 10, Peacock Blue, F512DA-EB51\n₹ 85,421.21 ',685.85,75,1,'18.jpg'),(46,'Desktop','Lenovo','VivoBook F512 Thin and Lightweight Laptop, 15.6” FHD WideView NanoEdge , AMD R5-3500U CPU, 8GB RAM, 256GB SSD, Backlit KB, Fingerprint Reader, Windows 10, Peacock Blue, F512DA-EB51\n₹ 85,421.21 ',880.18,105,1,'15.jpg'),(47,'Laptop','Samsung','VivoBook F512 Thin and Lightweight Laptop, 15.6” FHD WideView NanoEdge , AMD R5-3500U CPU, 8GB RAM, 256GB SSD, Backlit KB, Fingerprint Reader, Windows 10, Peacock Blue, F512DA-EB51\n₹ 85,421.21 ',644.89,74,1,'14.jpg'),(48,'Desktop','HP','VivoBook F512 Thin and Lightweight Laptop, 15.6” FHD WideView NanoEdge , AMD R5-3500U CPU, 8GB RAM, 256GB SSD, Backlit KB, Fingerprint Reader, Windows 10, Peacock Blue, F512DA-EB51\n₹ 85,421.21 ',344.15,176,1,'19.jpg'),(49,'Laptop','Avita','VivoBook F512 Thin and Lightweight Laptop, 15.6” FHD WideView NanoEdge , AMD R5-3500U CPU, 8GB RAM, 256GB SSD, Backlit KB, Fingerprint Reader, Windows 10, Peacock Blue, F512DA-EB51\n₹ 85,421.21 ',376.83,54,1,'13.jpg'),(50,'Tablet','Apple','VivoBook F512 Thin and Lightweight Laptop, 15.6” FHD WideView NanoEdge , AMD R5-3500U CPU, 8GB RAM, 256GB SSD, Backlit KB, Fingerprint Reader, Windows 10, Peacock Blue, F512DA-EB51\n₹ 85,421.21 ',110.54,25,1,'6.jpg'),(51,'Laptop','Apple','Surface Laptop 3 – 13.5 Touch-Screen – Intel Core i5 - 8GB Memory - 128GB Solid State Drive (Latest Model) – Platinum with Alcantara\n₹ 35,421.21 ',430.49,131,1,'7.jpg'),(52,'Tablet','Samsung','Surface Laptop 3 – 13.5 Touch-Screen – Intel Core i5 - 8GB Memory - 128GB Solid State Drive (Latest Model) – Platinum with Alcantara\n₹ 35,421.21 ',700.45,86,1,'6.jpg'),(53,'Laptop','HP','Surface Laptop 3 – 13.5 Touch-Screen – Intel Core i5 - 8GB Memory - 128GB Solid State Drive (Latest Model) – Platinum with Alcantara\n₹ 35,421.21 ',580.41,153,1,'14.jpg'),(54,'Laptop','Xiaomi','Surface Laptop 3 – 13.5 Touch-Screen – Intel Core i5 - 8GB Memory - 128GB Solid State Drive (Latest Model) – Platinum with Alcantara\n₹ 35,421.21 ',357.91,153,1,'4.jpg'),(55,'Tablet','Asus','Surface Laptop 3 – 13.5 Touch-Screen – Intel Core i5 - 8GB Memory - 128GB Solid State Drive (Latest Model) – Platinum with Alcantara\n₹ 35,421.21 ',556.6,127,1,'8.jpg'),(56,'Laptop','Dell','Surface Laptop 3 – 13.5 Touch-Screen – Intel Core i5 - 8GB Memory - 128GB Solid State Drive (Latest Model) – Platinum with Alcantara\n₹ 35,421.21 ',496.48,27,1,'12.jpg'),(57,'Tablet','Dell','Surface Laptop 3 – 13.5 Touch-Screen – Intel Core i5 - 8GB Memory - 128GB Solid State Drive (Latest Model) – Platinum with Alcantara\n₹ 35,421.21 ',293.38,167,1,'2.jpg'),(58,'Desktop','Lenovo','Surface Laptop 3 – 13.5 Touch-Screen – Intel Core i5 - 8GB Memory - 128GB Solid State Drive (Latest Model) – Platinum with Alcantara\n₹ 35,421.21 ',825.05,173,1,'16.jpg'),(59,'Desktop','Lenovo','Surface Laptop 3 – 13.5 Touch-Screen – Intel Core i5 - 8GB Memory - 128GB Solid State Drive (Latest Model) – Platinum with Alcantara\n₹ 35,421.21 ',991.62,98,1,'18.jpg'),(60,'Tablet','Avita','Surface Laptop 3 – 13.5 Touch-Screen – Intel Core i5 - 8GB Memory - 128GB Solid State Drive (Latest Model) – Platinum with Alcantara\n₹ 35,421.21 ',804.8,41,1,'5.jpg'),(61,'Laptop','Xiaomi','Air with 1.8GHz Intel Core i5 (13-inch, 8GB RAM, 128GB SSD Storage)\n₹ 95,421.21 ',408.13,29,1,'14.jpg'),(62,'Laptop','Xiaomi','Air with 1.8GHz Intel Core i5 (13-inch, 8GB RAM, 128GB SSD Storage)\n₹ 95,421.21 ',336.98,141,1,'1.jpg'),(63,'Laptop','Samsung','Air with 1.8GHz Intel Core i5 (13-inch, 8GB RAM, 128GB SSD Storage)\n₹ 95,421.21 ',429.99,163,1,'7.jpg'),(64,'Tablet','MSI','Air with 1.8GHz Intel Core i5 (13-inch, 8GB RAM, 128GB SSD Storage)\n₹ 95,421.21 ',673.34,142,1,'3.jpg'),(65,'Desktop','LG','Air with 1.8GHz Intel Core i5 (13-inch, 8GB RAM, 128GB SSD Storage)\n₹ 95,421.21 ',648.85,40,1,'9.jpg'),(66,'Tablet','MSI','Air with 1.8GHz Intel Core i5 (13-inch, 8GB RAM, 128GB SSD Storage)\n₹ 95,421.21 ',865.53,197,1,'8.jpg'),(67,'Desktop','Avita','Air with 1.8GHz Intel Core i5 (13-inch, 8GB RAM, 128GB SSD Storage)\n₹ 95,421.21 ',251.51,104,1,'17.jpg'),(68,'Tablet','MSI','Air with 1.8GHz Intel Core i5 (13-inch, 8GB RAM, 128GB SSD Storage)\n₹ 95,421.21 ',646.6,174,1,'6.jpg'),(69,'Laptop','MSI','Air with 1.8GHz Intel Core i5 (13-inch, 8GB RAM, 128GB SSD Storage)\n₹ 95,421.21 ',100.13,124,1,'13.jpg'),(70,'Tablet','Xiaomi','Air with 1.8GHz Intel Core i5 (13-inch, 8GB RAM, 128GB SSD Storage)\n₹ 95,421.21 ',713.15,184,1,'6.jpg'),(71,'Laptop','Acer','Winnovo Laptop Computers 14-Inch Windows-10 Notebook - WinBook K146 Intel Celeron Processor 6GB RAM 64GB ROM FHD IPS Display 5G WiFi HDMI (Silver)\n₹ 35,421.21 ',987.2,197,1,'12.jpg'),(72,'Tablet','Dell','Winnovo Laptop Computers 14-Inch Windows-10 Notebook - WinBook K146 Intel Celeron Processor 6GB RAM 64GB ROM FHD IPS Display 5G WiFi HDMI (Silver)\n₹ 35,421.21 ',127.16,199,1,'8.jpg'),(73,'Tablet','HP','Winnovo Laptop Computers 14-Inch Windows-10 Notebook - WinBook K146 Intel Celeron Processor 6GB RAM 64GB ROM FHD IPS Display 5G WiFi HDMI (Silver)\n₹ 35,421.21 ',434.84,35,1,'2.jpg'),(74,'Tablet','Lenovo','Winnovo Laptop Computers 14-Inch Windows-10 Notebook - WinBook K146 Intel Celeron Processor 6GB RAM 64GB ROM FHD IPS Display 5G WiFi HDMI (Silver)\n₹ 35,421.21 ',105.46,28,1,'5.jpg'),(75,'Laptop','Microsoft','Winnovo Laptop Computers 14-Inch Windows-10 Notebook - WinBook K146 Intel Celeron Processor 6GB RAM 64GB ROM FHD IPS Display 5G WiFi HDMI (Silver)\n₹ 35,421.21 ',825.09,129,1,'1.jpg'),(76,'Desktop','Microsoft','Winnovo Laptop Computers 14-Inch Windows-10 Notebook - WinBook K146 Intel Celeron Processor 6GB RAM 64GB ROM FHD IPS Display 5G WiFi HDMI (Silver)\n₹ 35,421.21 ',291.42,185,1,'16.jpg'),(77,'Tablet','Asus','Winnovo Laptop Computers 14-Inch Windows-10 Notebook - WinBook K146 Intel Celeron Processor 6GB RAM 64GB ROM FHD IPS Display 5G WiFi HDMI (Silver)\n₹ 35,421.21 ',897.13,166,1,'3.jpg'),(78,'Laptop','Acer','Winnovo Laptop Computers 14-Inch Windows-10 Notebook - WinBook K146 Intel Celeron Processor 6GB RAM 64GB ROM FHD IPS Display 5G WiFi HDMI (Silver)\n₹ 35,421.21 ',998,71,1,'11.jpg'),(79,'Tablet','Acer','Winnovo Laptop Computers 14-Inch Windows-10 Notebook - WinBook K146 Intel Celeron Processor 6GB RAM 64GB ROM FHD IPS Display 5G WiFi HDMI (Silver)\n₹ 35,421.21 ',947.07,142,1,'6.jpg'),(80,'Desktop','Samsung','Winnovo Laptop Computers 14-Inch Windows-10 Notebook - WinBook K146 Intel Celeron Processor 6GB RAM 64GB ROM FHD IPS Display 5G WiFi HDMI (Silver)\n₹ 35,421.21 ',357.8,39,1,'10.jpg'),(81,'Laptop','Acer','Aspire 3 17.3 FHD IPS ComfyView Laptop, Intel N4500 up to 2.8GHz, 8GB DDR4, 1TB HDD, HDMI, Wi-Fi, Bluetooth, Webcam, Windows 10 Home, TWE Mousepad\n₹ 65,421.21 ',500.31,141,1,'14.jpg'),(82,'Tablet','Lenovo','Aspire 3 17.3 FHD IPS ComfyView Laptop, Intel N4500 up to 2.8GHz, 8GB DDR4, 1TB HDD, HDMI, Wi-Fi, Bluetooth, Webcam, Windows 10 Home, TWE Mousepad\n₹ 65,421.21 ',829.47,198,1,'6.jpg'),(83,'Desktop','Lenovo','Aspire 3 17.3 FHD IPS ComfyView Laptop, Intel N4500 up to 2.8GHz, 8GB DDR4, 1TB HDD, HDMI, Wi-Fi, Bluetooth, Webcam, Windows 10 Home, TWE Mousepad\n₹ 65,421.21 ',638.55,51,1,'19.jpg'),(84,'Desktop','Samsung','Aspire 3 17.3 FHD IPS ComfyView Laptop, Intel N4500 up to 2.8GHz, 8GB DDR4, 1TB HDD, HDMI, Wi-Fi, Bluetooth, Webcam, Windows 10 Home, TWE Mousepad\n₹ 65,421.21 ',947.97,186,1,'18.jpg'),(85,'Desktop','HP','Aspire 3 17.3 FHD IPS ComfyView Laptop, Intel N4500 up to 2.8GHz, 8GB DDR4, 1TB HDD, HDMI, Wi-Fi, Bluetooth, Webcam, Windows 10 Home, TWE Mousepad\n₹ 65,421.21 ',125.23,106,1,'16.jpg'),(86,'Laptop','Lenovo','Aspire 3 17.3 FHD IPS ComfyView Laptop, Intel N4500 up to 2.8GHz, 8GB DDR4, 1TB HDD, HDMI, Wi-Fi, Bluetooth, Webcam, Windows 10 Home, TWE Mousepad\n₹ 65,421.21 ',317.38,192,1,'4.jpg'),(87,'Desktop','MSI','Aspire 3 17.3 FHD IPS ComfyView Laptop, Intel N4500 up to 2.8GHz, 8GB DDR4, 1TB HDD, HDMI, Wi-Fi, Bluetooth, Webcam, Windows 10 Home, TWE Mousepad\n₹ 65,421.21 ',872.28,84,1,'17.jpg'),(88,'Tablet','Avita','Aspire 3 17.3 FHD IPS ComfyView Laptop, Intel N4500 up to 2.8GHz, 8GB DDR4, 1TB HDD, HDMI, Wi-Fi, Bluetooth, Webcam, Windows 10 Home, TWE Mousepad\n₹ 65,421.21 ',428.74,146,1,'3.jpg'),(89,'Tablet','Xiaomi','Aspire 3 17.3 FHD IPS ComfyView Laptop, Intel N4500 up to 2.8GHz, 8GB DDR4, 1TB HDD, HDMI, Wi-Fi, Bluetooth, Webcam, Windows 10 Home, TWE Mousepad\n₹ 65,421.21 ',411.8,90,1,'2.jpg'),(90,'Tablet','Samsung','Aspire 3 17.3 FHD IPS ComfyView Laptop, Intel N4500 up to 2.8GHz, 8GB DDR4, 1TB HDD, HDMI, Wi-Fi, Bluetooth, Webcam, Windows 10 Home, TWE Mousepad\n₹ 65,421.21 ',279.75,180,1,'8.jpg'),(91,'Tablet','Apple','TECLAST 15.6 Gaming Laptop 12GB+256GB 10th Intel Core i3-1005G1 Laptop Computer Up to 3.4GHz 15W Process 1920x1080 FHD Thin Traditional Laptop Computers HDMI 5G WiFi BT Type-C USB3.0 Zoom Study\n₹ 59,421.21 ',444.77,101,1,'5.jpg'),(92,'Laptop','Lenovo','TECLAST 15.6 Gaming Laptop 12GB+256GB 10th Intel Core i3-1005G1 Laptop Computer Up to 3.4GHz 15W Process 1920x1080 FHD Thin Traditional Laptop Computers HDMI 5G WiFi BT Type-C USB3.0 Zoom Study\n₹ 59,421.21 ',496.64,178,1,'13.jpg'),(93,'Desktop','MSI','TECLAST 15.6 Gaming Laptop 12GB+256GB 10th Intel Core i3-1005G1 Laptop Computer Up to 3.4GHz 15W Process 1920x1080 FHD Thin Traditional Laptop Computers HDMI 5G WiFi BT Type-C USB3.0 Zoom Study\n₹ 59,421.21 ',865.95,30,1,'20.jpg'),(94,'Tablet','Apple','TECLAST 15.6 Gaming Laptop 12GB+256GB 10th Intel Core i3-1005G1 Laptop Computer Up to 3.4GHz 15W Process 1920x1080 FHD Thin Traditional Laptop Computers HDMI 5G WiFi BT Type-C USB3.0 Zoom Study\n₹ 59,421.21 ',270.2,149,1,'8.jpg'),(95,'Desktop','Acer','TECLAST 15.6 Gaming Laptop 12GB+256GB 10th Intel Core i3-1005G1 Laptop Computer Up to 3.4GHz 15W Process 1920x1080 FHD Thin Traditional Laptop Computers HDMI 5G WiFi BT Type-C USB3.0 Zoom Study\n₹ 59,421.21 ',868.99,197,1,'9.jpg'),(96,'Desktop','Lenovo','TECLAST 15.6 Gaming Laptop 12GB+256GB 10th Intel Core i3-1005G1 Laptop Computer Up to 3.4GHz 15W Process 1920x1080 FHD Thin Traditional Laptop Computers HDMI 5G WiFi BT Type-C USB3.0 Zoom Study\n₹ 59,421.21 ',862.66,37,1,'19.jpg'),(97,'Desktop','HP','TECLAST 15.6 Gaming Laptop 12GB+256GB 10th Intel Core i3-1005G1 Laptop Computer Up to 3.4GHz 15W Process 1920x1080 FHD Thin Traditional Laptop Computers HDMI 5G WiFi BT Type-C USB3.0 Zoom Study\n₹ 59,421.21 ',703.13,198,1,'15.jpg'),(98,'Desktop','Dell','TECLAST 15.6 Gaming Laptop 12GB+256GB 10th Intel Core i3-1005G1 Laptop Computer Up to 3.4GHz 15W Process 1920x1080 FHD Thin Traditional Laptop Computers HDMI 5G WiFi BT Type-C USB3.0 Zoom Study\n₹ 59,421.21 ',849.39,193,1,'18.jpg'),(99,'Laptop','MSI','TECLAST 15.6 Gaming Laptop 12GB+256GB 10th Intel Core i3-1005G1 Laptop Computer Up to 3.4GHz 15W Process 1920x1080 FHD Thin Traditional Laptop Computers HDMI 5G WiFi BT Type-C USB3.0 Zoom Study\n₹ 59,421.21 ',190.1,68,1,'7.jpg'),(100,'Laptop','Apple','TECLAST 15.6 Gaming Laptop 12GB+256GB 10th Intel Core i3-1005G1 Laptop Computer Up to 3.4GHz 15W Process 1920x1080 FHD Thin Traditional Laptop Computers HDMI 5G WiFi BT Type-C USB3.0 Zoom Study\n₹ 59,421.21 ',1832.88,77,1,'13.jpg'),(101,'Laptop','Alienware','Air with 1.8GHz Intel Core i5 (13-inch, 8GB RAM, 128GB SSD Storage)',520,100,1,'1.jpg'),(109,'Laptop','HCL','Slim Laptop | 15.6 Full HD Display | 11th Gen Intel Core i3-1115G4 Processor | 4GB DDR4 | 128GB NVMe SSD | WiFi 6 | Amazon Alexa | Windows 10 Home (S mode)\r\n₹ 65,421.21 ',250,50,1,'14.jpg'),(129,'Laptop','Alienware','Windows 11',20,520,1,NULL),(130,'Laptop','Alienware','Windows 11',20,520,1,NULL),(131,'Desktop','Apple','adsghagds',200,20,1,NULL);
/*!40000 ALTER TABLE `products` ENABLE KEYS */;
UNLOCK TABLES;

--
-- Table structure for table `role_table`
--

DROP TABLE IF EXISTS `role_table`;
/*!40101 SET @saved_cs_client     = @@character_set_client */;
/*!50503 SET character_set_client = utf8mb4 */;
CREATE TABLE `role_table` (
  `roleId` int NOT NULL,
  `roleName` varchar(45) NOT NULL,
  PRIMARY KEY (`roleId`)
) ENGINE=InnoDB DEFAULT CHARSET=utf8mb4 COLLATE=utf8mb4_0900_ai_ci;
/*!40101 SET character_set_client = @saved_cs_client */;

--
-- Dumping data for table `role_table`
--

LOCK TABLES `role_table` WRITE;
/*!40000 ALTER TABLE `role_table` DISABLE KEYS */;
INSERT INTO `role_table` VALUES (1,'Admin'),(2,'User');
/*!40000 ALTER TABLE `role_table` ENABLE KEYS */;
UNLOCK TABLES;

--
-- Table structure for table `user`
--

DROP TABLE IF EXISTS `user`;
/*!40101 SET @saved_cs_client     = @@character_set_client */;
/*!50503 SET character_set_client = utf8mb4 */;
CREATE TABLE `user` (
  `userId` int NOT NULL AUTO_INCREMENT,
  `userName` varchar(100) NOT NULL,
  `userDOB` varchar(45) DEFAULT NULL,
  `userMobileNo` varchar(10) NOT NULL,
  `userEmail` varchar(100) NOT NULL,
  `password` varchar(45) NOT NULL,
  `city` varchar(100) NOT NULL,
  `country` varchar(100) NOT NULL,
  `status` int NOT NULL,
  `roleId` int NOT NULL,
  PRIMARY KEY (`userId`),
  UNIQUE KEY `userMobileNo_UNIQUE` (`userMobileNo`),
  UNIQUE KEY `userEmail_UNIQUE` (`userEmail`),
  KEY `user_roleId_idx` (`roleId`),
  CONSTRAINT `roleId` FOREIGN KEY (`roleId`) REFERENCES `role_table` (`roleId`) ON DELETE CASCADE ON UPDATE CASCADE
) ENGINE=InnoDB AUTO_INCREMENT=128 DEFAULT CHARSET=utf8mb4 COLLATE=utf8mb4_0900_ai_ci;
/*!40101 SET character_set_client = @saved_cs_client */;

--
-- Dumping data for table `user`
--

LOCK TABLES `user` WRITE;
/*!40000 ALTER TABLE `user` DISABLE KEYS */;
INSERT INTO `user` VALUES (1,'Subhankar Maity','2000-01-01','6065654224','subhankar1@gmail.com','12345','Pondicherry','India',1,1),(2,'Indrajit Chatterjee','2000-01-01','6788616280','indrajit1@gmail.com','12345','Kolkata','India',1,1),(3,'Deep Dubay','2000-01-01','5036852673','deep1@gmail.com','12345','Kolkata','India',1,1),(4,'Ankita Saha','2000-01-01','2300517883','ankita1@gmail.com','12345','Kolkata','India',1,1),(5,'Arka Bhatacharya','2000-01-01','2489054705','arka1@gmail.com','12345','Kolkata','India',1,1),(6,'Sourav Bhunia','2000-01-01','1802197373','sourav1@gmail.com','12345','Kolkata','India',1,1),(7,'Subhankar Maity','2000-01-01','3594649724','subhankar2@gmail.com','12345','Gangtok','India',1,2),(8,'Indrajit Chatterjee','2000-01-01','5617678702','indrajit2@gmail.com','12345','Dhanbad','India',0,2),(9,'Ankita Saha','2000-01-01','8525520686','ankita2@gmail.com','12345','Chandigarh','India',1,2),(10,'Deep Dubay','2000-01-01','8782887365','deep2@gmail.com','12345','Thalassery','India',1,2),(11,'Arka Bhatacharya','2000-01-01','3985523496','arka2@gmail.com','12345','Dehradun','India',1,2),(12,'Sourav Bhunia','2000-01-01','4148319481','sourav2@gmail.com','12345','Jodhpur','India',1,2),(13,'Nigel Travis','1974-10-13','8636743807','magna.malesuada.vel@google.net','12345','Ambala','India',1,2),(14,'Latifah Mcdaniel','1977-02-04','2185531515','mus.proin@yahoo.couk','12345','Tuticorin','India',1,1),(15,'Otto Sexton','1982-06-05','3846114349','accumsan@google.org','12345','Puri','India',1,2),(16,'Quinn Mcfarland','1993-04-15','3671611241','a.dui@yahoo.org','12345','Guwahati','India',1,1),(17,'Mona Michael','1975-04-17','4782785619','arcu.ac.orci@google.org','12345','Kohima','India',0,2),(18,'Jacqueline Faulkner','1996-04-10','2239782728','commodo@yahoo.net','12345','Puri','India',1,2),(19,'Lydia Zimmerman','1998-04-24','9796627705','nibh.donec@hotmail.couk','12345','Aizwal','India',1,1),(20,'Conan Caldwell','1970-09-04','5231225865','et.libero.proin@outlook.com','12345','Jodhpur','India',1,2),(21,'Xenos Gibson','1971-10-29','2448314274','nullam.scelerisque.neque@outlook.edu','12345','Budaun','India',1,1),(22,'Colleen Hickman','2003-01-28','7228171622','condimentum.donec@yahoo.ca','12345','Silchar','India',1,1),(23,'Leila Sosa','2010-03-11','5575661179','risus.quisque.libero@google.couk','12345','Rewa','India',1,1),(24,'Flavia Vega','1998-08-11','6563109982','turpis.egestas@hotmail.edu','12345','Dehradun','India',1,2),(25,'Ria Ramirez','1976-06-22','8857274601','orci.consectetuer@yahoo.edu','12345','Pondicherry','India',1,1),(26,'Slade Houston','2006-05-12','3224841131','erat.volutpat@google.net','12345','Santipur','India',1,1),(27,'Patrick Wynn','1986-01-31','7818983718','dis.parturient.montes@hotmail.edu','12345','Panjim','India',1,2),(28,'Dylan Bryant','1972-10-27','7424724077','praesent.eu@outlook.couk','12345','Ambala','India',0,2),(29,'Jacqueline Beck','2004-02-16','2777317334','tortor.dictum@yahoo.net','12345','Gorakhpur','India',1,2),(30,'Nathaniel Green','1993-09-02','2261102486','nam.porttitor@yahoo.net','12345','Kohima','India',1,1),(31,'Megan Martinez','1996-02-08','4512525754','torquent@google.net','12345','Bidar','India',1,1),(32,'Tashya Howard','1971-02-09','7373293264','vitae@hotmail.com','12345','Palayankottai','India',1,2),(33,'Amanda Irwin','1989-06-21','1136882394','nonummy.ac@hotmail.org','12345','Bareilly','India',1,2),(34,'Callum Golden','1977-06-03','2959536647','donec.non@yahoo.couk','12345','Agartala','India',1,2),(35,'Julie Hamilton','2008-09-09','3160342583','eros.non@outlook.org','12345','Raurkela Civil Township','India',1,2),(36,'Alden Mcknight','1980-02-19','6182537517','tristique.senectus@hotmail.ca','12345','Dehradun','India',1,2),(37,'Angela Moon','1974-09-20','5162850092','quisque.ac@hotmail.org','12345','Mysore','India',1,2),(38,'Colette Bradford','1998-10-14','6547696744','vitae.mauris.sit@outlook.edu','12345','Delhi','India',1,2),(39,'Danielle Joyce','1976-08-15','8371454834','sed.hendrerit@google.org','12345','Raipur','India',1,1),(40,'Tate Massey','1988-05-11','5955893169','lobortis@outlook.org','12345','Patna','India',1,2),(41,'Benjamin Riley','1997-10-05','7554281133','scelerisque.neque@outlook.couk','12345','Kukatpalle','India',1,2),(42,'Keaton Schultz','2008-04-17','6581646355','diam@outlook.ca','12345','Port Blair','India',1,1),(43,'Xavier Navarro','1978-01-27','2871783654','porttitor.tellus@google.net','12345','Kumbakonam','India',1,2),(44,'Reece Smith','2006-04-06','3395450741','id.magna.et@google.couk','12345','Shillong','India',1,2),(45,'Phelan Ballard','1986-03-12','1476635393','mauris.eu@google.couk','12345','Shillong','India',1,2),(46,'Clinton Preston','1975-05-26','8923771082','sed.pede@google.org','12345','Kavaratti','India',1,1),(47,'Elaine Jennings','1999-09-11','4064562384','erat.vitae.risus@yahoo.ca','12345','Kamarhati','India',1,1),(48,'Damon Summers','1972-08-15','6410484120','donec.est@yahoo.net','12345','Aizwal','India',0,1),(49,'Holmes Fry','2009-03-14','9109422887','ac.orci@hotmail.ca','12345','Port Blair','India',1,1),(50,'Jarrod Brewer','1986-12-17','6632557059','sit.amet@outlook.ca','12345','Ambala Sadar','India',1,1),(51,'William Carrillo','2002-03-04','6837953121','tincidunt.tempus.risus@google.com','12345','Delhi','India',1,1),(52,'Deborah Matthews','1992-10-12','7735521045','integer.vulputate@outlook.org','12345','Vihari','India',1,2),(53,'Heidi Bright','1992-06-26','6545517739','adipiscing.fringilla.porttitor@google.couk','12345','Gangtok','India',1,2),(54,'Arsenio Stark','1984-02-12','4555212160','inceptos.hymenaeos@outlook.org','12345','Godhra','India',1,2),(55,'Ahmed Tyson','1995-11-24','6427314651','eu@outlook.net','12345','Port Blair','India',1,2),(56,'Declan Mann','1977-09-10','5471047873','consectetuer.ipsum@yahoo.couk','12345','Udaipur','India',1,2),(57,'Plato Weaver','1978-12-16','8151514856','nunc.ullamcorper@yahoo.couk','12345','Panjim','India',1,1),(58,'Kyle Garcia','2007-05-29','8885783204','bibendum.fermentum@google.edu','12345','Ambala','India',1,2),(59,'Ray Anderson','1977-08-13','1175869574','dis@hotmail.org','12345','Timkur','India',1,2),(60,'Christine Hodge','1990-01-21','8043334449','nisi.dictum@google.couk','12345','Daman','India',1,1),(61,'Cynthia Hays','2005-10-04','8339316210','nunc.est.mollis@outlook.edu','12345','Pondicherry','India',1,1),(62,'Maggy Mcneil','1973-01-17','2205910400','nisi@outlook.edu','12345','Srinagar','India',1,1),(63,'Ria Young','1991-05-14','6591654062','rutrum.fusce@google.com','12345','Imphal','India',1,2),(64,'Clark Leon','1975-02-12','3026515445','aliquet.nec.imperdiet@yahoo.couk','12345','Itanagar','India',1,1),(65,'Dominic Pruitt','2007-08-25','5758690343','ipsum@google.edu','12345','Bokaro Steel City','India',1,2),(66,'Destiny Sandoval','1975-02-17','7653843457','velit.justo.nec@hotmail.edu','12345','Aizwal','India',1,1),(67,'Tanya Cooke','1996-08-02','9108382811','eleifend.vitae@google.ca','12345','Abohar','India',1,1),(68,'Zahir Daugherty','1994-07-04','3748927346','elementum.sem@hotmail.org','12345','Itanagar','India',1,1),(69,'Kevin Franks','2004-08-17','8030738730','penatibus.et@hotmail.ca','12345','Purnea','India',0,2),(70,'Brandon Terry','1982-12-27','4551083506','fringilla.est@outlook.com','12345','Bidar','India',1,1),(71,'Kiayada Marquez','1977-03-31','2165146818','vel.venenatis@hotmail.org','12345','Port Blair','India',1,2),(72,'Ariel Hopkins','1974-02-10','9587420547','mauris.non.dui@outlook.ca','12345','Sirsa','India',1,1),(73,'Ciaran Day','2003-03-05','1615148002','justo.praesent.luctus@hotmail.ca','12345','Daman','India',1,2),(74,'Caesar Thornton','1993-11-09','4134209534','consequat@outlook.edu','12345','Patan','India',1,2),(75,'Portia Hodges','1981-05-07','8249153131','nec.quam@google.com','12345','Port Blair','India',1,2),(76,'Unity Foreman','2008-07-29','2038221738','sed.libero@yahoo.ca','12345','Delhi','India',1,1),(77,'Isaiah Branch','1978-05-05','1123613246','dolor@google.net','12345','Kavaratti','India',1,2),(78,'Lawrence Coleman','1977-01-01','7550219483','ac.mattis.ornare@hotmail.org','12345','Daman','India',1,2),(79,'Stacy Slater','2004-08-11','3196735737','magna@outlook.com','12345','Gudivada','India',1,1),(80,'Anne Tyson','2005-09-08','8852835676','dui@outlook.couk','12345','Raurkela','India',1,2),(81,'Buckminster Browning','2003-01-13','7926822243','phasellus.ornare.fusce@hotmail.org','12345','Wazirabad','India',1,1),(82,'Ali Neal','1971-09-15','8567295467','ipsum.curabitur.consequat@google.org','12345','Panjim','India',1,1),(83,'Xena Patterson','2008-05-06','4668576545','non.enim.commodo@outlook.com','12345','Pali','India',1,1),(84,'Yvonne Sargent','1989-05-18','5217719398','amet@hotmail.couk','12345','Delhi','India',1,1),(85,'Illiana Rogers','2004-07-08','9117069622','eleifend@outlook.org','12345','Dehradun','India',1,1),(86,'Leila Carter','1974-03-01','8338676996','ligula.nullam.feugiat@yahoo.edu','12345','Agartala','India',1,1),(87,'Stacy Salas','1984-09-23','5627746685','vel.est.tempor@outlook.com','12345','Shimla','India',1,1),(88,'Carly Tran','2001-02-27','8358853734','magna.cras@hotmail.com','12345','Jammu','India',1,2),(89,'Leilani Mclean','1987-06-24','4585724643','faucibus.orci.luctus@outlook.net','12345','Itanagar','India',1,2),(90,'Burton Zimmerman','2007-01-30','7547514523','at.arcu@hotmail.net','12345','Delhi','India',1,2),(91,'Rajah Bennett','1970-12-30','6160598481','purus.ac@google.couk','12345','Imphal','India',1,1),(92,'Nevada Mcfarland','1995-06-25','2646287283','ut.odio@outlook.net','12345','Raurkela Civil Township','India',1,1),(93,'Eagan Wells','2005-11-05','5154621256','sed.sapien@outlook.edu','12345','Tuticorin','India',1,1),(94,'Merritt Wolf','1995-04-02','9027873765','et@google.com','12345','Srinagar','India',1,2),(95,'Ainsley Hawkins','1982-05-22','6162467298','vel.nisl@hotmail.net','12345','Indore','India',1,2),(96,'Kuame England','1986-10-06','2642367219','phasellus.libero@hotmail.org','12345','Port Blair','India',1,2),(97,'Nora Higgins','1981-06-13','6771478174','morbi.sit.amet@hotmail.edu','12345','Allappuzha','India',1,2),(98,'Maya Jacobson','1970-06-26','5177686157','pede@outlook.net','12345','Itanagar','India',1,2),(99,'Luke Lawson','2007-12-13','5663686558','lorem.ipsum.sodales@outlook.net','12345','Aizwal','India',1,2),(100,'Cheryl Atkins','1978-04-29','6446133419','arcu@google.org','12345','Raj Nandgaon','India',1,1),(101,'DEEP','1978-04-29','45158522','deepdubey@gmail.com','12345','ranchi','India',1,1),(102,'Subhankar','1978-04-29','9658326478','subhankar5@gmail.com','12345','Kolkata','India',1,2),(105,'Subhankar','1978-04-29','9657823648','subhankar65@gmail.com','12345','Kolkata','India',1,2),(107,'Subhankar','1978-04-29','8653296478','subhankar12@gmail.com','12345','Kolakata','India',1,2),(126,'Subhankar Maity','1978-04-29','8569321452','subhankar89@gmail.com','12345','Kolkata','India',1,2),(127,'Subhankar Maity','2013-01-02','9568321425','subhankar55@gmail.com','12345','Kolkata','India',1,2);
/*!40000 ALTER TABLE `user` ENABLE KEYS */;
UNLOCK TABLES;
/*!40103 SET TIME_ZONE=@OLD_TIME_ZONE */;

/*!40101 SET SQL_MODE=@OLD_SQL_MODE */;
/*!40014 SET FOREIGN_KEY_CHECKS=@OLD_FOREIGN_KEY_CHECKS */;
/*!40014 SET UNIQUE_CHECKS=@OLD_UNIQUE_CHECKS */;
/*!40101 SET CHARACTER_SET_CLIENT=@OLD_CHARACTER_SET_CLIENT */;
/*!40101 SET CHARACTER_SET_RESULTS=@OLD_CHARACTER_SET_RESULTS */;
/*!40101 SET COLLATION_CONNECTION=@OLD_COLLATION_CONNECTION */;
/*!40111 SET SQL_NOTES=@OLD_SQL_NOTES */;

-- Dump completed on 2022-02-15 18:09:38
